{
    "Sphere": {
        "Best Solution": [
            -1.5277804370095929,
            0.9190690613280778,
            0.9225062603575864,
            0.35342785636893315,
            0.42872264074420485,
            -0.18824311399546712,
            -2.133770997773012,
            1.3021855639320377,
            -3.30999301640034,
            0.30003591500834526,
            0.6596635383076765,
            2.8004198713782213,
            1.2782337033515252,
            1.1965900254458082,
            -1.9867328876199508,
            -0.17962625097619322,
            -0.6176354054028612,
            -0.7208640932284975,
            -1.1178139550434207,
            0.5262240703390204,
            -2.2555860815727278,
            0.5955114276188684,
            2.332014381303183,
            2.180715820408471,
            2.8341084354311583,
            0.46595059674763295,
            -4.054121755296025,
            -1.9706617152753427,
            -0.9447867667839063,
            -3.4166152532943794
        ],
        "Best Fitness": 96.18952609457,
        "Parameters": {
            "Population Size": 100,
            "Dimension": 30,
            "Pulse Rate": 0.5,
            "Loudness": 0.5,
            "Generations": 100
        },
        "Fitness History": [
            120.35172101211292,
            120.35172101211292,
            120.35172101211292,
            120.35172101211292,
            120.35172101211292,
            120.35172101211292,
            120.35172101211292,
            120.35172101211292,
            120.35172101211292,
            120.35172101211292,
            120.35172101211292,
            120.35172101211292,
            114.79072066256055,
            114.79072066256055,
            114.79072066256055,
            114.79072066256055,
            114.79072066256055,
            114.79072066256055,
            114.79072066256055,
            114.79072066256055,
            114.79072066256055,
            114.79072066256055,
            114.79072066256055,
            114.79072066256055,
            114.79072066256055,
            114.79072066256055,
            114.79072066256055,
            114.79072066256055,
            114.79072066256055,
            114.79072066256055,
            114.79072066256055,
            114.79072066256055,
            98.29863838555768,
            98.29863838555768,
            98.29863838555768,
            98.29863838555768,
            98.29863838555768,
            98.29863838555768,
            98.29863838555768,
            98.29863838555768,
            98.29863838555768,
            98.29863838555768,
            98.29863838555768,
            98.29863838555768,
            98.29863838555768,
            98.29863838555768,
            98.29863838555768,
            98.29863838555768,
            98.29863838555768,
            98.29863838555768,
            96.18952609457,
            96.18952609457,
            96.18952609457,
            96.18952609457,
            96.18952609457,
            96.18952609457,
            96.18952609457,
            96.18952609457,
            96.18952609457,
            96.18952609457,
            96.18952609457,
            96.18952609457,
            96.18952609457,
            96.18952609457,
            96.18952609457,
            96.18952609457,
            96.18952609457,
            96.18952609457,
            96.18952609457,
            96.18952609457,
            96.18952609457,
            96.18952609457,
            96.18952609457,
            96.18952609457,
            96.18952609457,
            96.18952609457,
            96.18952609457,
            96.18952609457,
            96.18952609457,
            96.18952609457,
            96.18952609457,
            96.18952609457,
            96.18952609457,
            96.18952609457,
            96.18952609457,
            96.18952609457,
            96.18952609457,
            96.18952609457,
            96.18952609457,
            96.18952609457,
            96.18952609457,
            96.18952609457,
            96.18952609457,
            96.18952609457,
            96.18952609457,
            96.18952609457,
            96.18952609457,
            96.18952609457,
            96.18952609457,
            96.18952609457
        ]
    },
    "Ackley": {
        "Best Solution": [
            0.05011496664071213,
            -1.900749156804848,
            -0.17778406672905156,
            -1.305966188517007,
            0.8490572728791599,
            -0.3383621638643751,
            -0.44476086802199466,
            3.2407705933744664,
            0.8667399685531472,
            -0.335638120785423,
            0.5332916348597934,
            -2.7591835981274917,
            0.5476579014041911,
            -0.26002757165794343,
            -2.1444731667715473,
            -1.1862212062775421,
            0.7768889194691389,
            2.614811817268616,
            1.171711732785223,
            -2.799550771369915,
            0.787787108931373,
            0.23459198859459407,
            -1.8779689436080567,
            -0.9573840608556607,
            2.549396125657771,
            3.9155686294463408,
            0.030394481152264063,
            2.517148123072811,
            2.6931022726011964,
            -0.7288196576340168
        ],
        "Best Fitness": 7.502182415399169,
        "Parameters": {
            "Population Size": 100,
            "Dimension": 30,
            "Pulse Rate": 0.5,
            "Loudness": 0.5,
            "Generations": 100
        },