{
    "Sphere": {
        "Best Solution": [
            -3.3118020465202425,
            -0.9001720843188599,
            1.1798454825289078,
            0.6258638067314077,
            -2.7801418460534064,
            1.7811653669768486,
            2.320480328334672,
            1.1524053013320188,
            1.6976649731273952,
            0.6329881458185627,
            -3.038711909771745,
            3.69355330199463,
            2.872180744197279,
            0.504954123711288,
            -2.253443618401374,
            -1.3276289817194908,
            2.1913115456567986,
            0.027945722070184864,
            -3.0057833621657917,
            1.7790182646132315,
            -1.6909192628170908,
            2.7684500261274616,
            0.10202576351686954,
            -4.2416367065469665,
            0.3322323880615352,
            3.8362099391663804,
            -2.635158590928489,
            0.6651714244690279,
            4.748033199085471,
            -3.015672451978629
        ],
        "Best Fitness": 145.5214661299543,
        "Average Fitness": 250.7993943064327,
        "Standard Deviation": 2.2314886856806635,
        "Convergence Generation": 16,
        "Parameters": {
            "Population Size": 100,
            "Dimension": 30,
            "Migration Rate": 0.1,
            "Mutation Rate": 0.05,
            "Generations": 100
        },
        "Fitness History": [
            158.55189278618198,
            160.6898997463141,
            166.64132383489806,
            161.86675575675895,
            163.8970227278313,
            136.24516438181556,
            169.77204998595948,
            155.54892585308858,
            151.27968644082117,
            164.83923807330865,
            136.8737954871144,
            139.1210955853747,
            146.53916949902458,
            144.32138727011022,
            154.60823935813627,
            145.5214661299543
        ]
    },
    "Ackley": {
        "Best Solution": [
            3.6281448497903295,
            -3.0737079890473593,
            3.2067642576627335,
            -4.7953270955287195,
            1.4380056161837054,
            0.7748832538509678,
            -0.09228596265191413,
            1.3955016035658385,
            4.0180733630300765,
            2.830363933932329,
            0.5102877330809719,
            -2.355992686944526,
            -2.367698440565328,
            -3.987429596478159,
            3.3931488488780808,
            -2.448450628924488,
            -2.979232419960065,
            4.276132752509664,
            4.3193245987330915,
            -0.9651488403242334,
            4.658475765677096,
            -3.675275809188643,
            4.60098477682503,
            -3.858949279558238,
            4.603101921619793,
            -0.8406997745739089,
            -2.133250957849734,
            -3.6772743840397117,
            -1.4705438240239044,
            -1.2355318409525973
        ],
        "Best Fitness": 8.656697490982909,
        "Average Fitness": 10.430369762830159,
        "Standard Deviation": 0.028422901561177365,
        "Convergence Generation": 13,
        "Parameters": {
            "Population Size": 100,
            "Dimension": 30,
            "Migration Rate": 0.1,
            "Mutation Rate": 0.05,
            "Generations": 100
        },
        "Fitness History": [
            8.961053232865124,
            8.663009419533404,
            8.341043637404386,
            8.446540700313923,
            8.841931749704552,
            8.957729572169873,
            9.27301841337367,
            9.080977375936415,
            9.150545081157604,
            8.683221254707851,
            9.159939110436197,
            8.692649719972101,
            8.656697490982909
        ]
    },
    "Rastrigin": {
        "Best Solution": [
            -0.23171270948264322,
            -3.4571383907767004,
            4.686524057909137,
            -3.0684913218745278,
            -2.481811246206045,
            4.684866602820454,
            -4.932275230698558,
            -2.7751895878694866,
            1.6335638076614902,
            2.1134535925344373,
            -4.36717826861226,
            3.105822307973927,
            -3.4757579655269435,
            -3.887476187323453,
            4.8267987320755505,
            4.495101159440086,
            0.9695122337121145,
            -4.318497907363898,
            0.3438085380958231,
            4.009693977456774,
            1.1753213883854796,
            2.735808528342174,
            0.195391893479111,
            4.849099714682859,
            -0.717275343453788,
            -0.32277313473217895,
            0.44266309743999166,
            -3.824836217326575,
            0.1465578580433693,
            -2.0252656791728283
        ],
        "Best Fitness": 424.93869274940596,
        "Average Fitness": 550.0656108487052,
        "Standard Deviation": 4.024350849533375,
        "Convergence Generation": 36,
        "Parameters": {
            "Population Size": 100,
            "Dimension": 30,
            "Migration Rate": 0.1,
            "Mutation Rate": 0.05,
            "Generations": 100
        },
        "Fitness History": [
            443.11616050411607,
            440.90210966226556,
            445.69730379882685,
            429.9990578849771,
            430.0366923402463,
            406.2369769497405,
            439.49281947294503,
            402.2706349182034,
            431.0785761500553,
            396.6446532772337,
            434.13827891858926,
            396.8146954203279,
            424.36031008828445,
            408.2680592462658,
            407.3557990277616,
            393.9401518195207,
            416.2038115933411,
            445.8340174843405,
            376.78515362175517,
            432.45025666939796,
            428.3143154308676,
            434.4808290986104,
            399.88675196248397,
            417.2437327990991,
            397.6770939688427,
            355.5612049764841,
            413.1170541401448,
            400.2219702804799,
            451.21821025559143,
            451.87631683213783,
            389.17691009079965,
            389.584812044372,
            403.37468270193466,
            418.3795235786651,
            388.31366809102656,
            424.93869274940596
        ]
    },
    "Rosenbrock": {
        "Best Solution": [
            3.9112264782999127,
            4.4759584051185435,
            3.431551639775588,
            0.32025575001173756,
            -3.3758157984476544,
            -4.843318466667031,
            2.6746115268909074,
            -1.15597461134465,
            2.4740708678165344,
            0.22675246337085841,
            0.5376271740961327,
            4.254386388614147,
            -1.6967290335216454,
            3.9211494909098406,
            -1.0658428993393132,
            -4.814196951262155,
            -1.4986524054747488,
            -4.996580695617289,
            -1.2692956599859229,
            -1.2050233201269678,
            2.8650915177258156,
            -0.15163724192678174,
            3.287879620576792,
            0.017163898099287422,
            -0.19209304645666592,
            1.2933118028978106,
            1.3409340851089535,
            -2.2322622416589977,
            3.54978132333418,
            -1.248378309692285
        ],
        "Best Fitness": 204239.0307793972,
        "Average Fitness": 389165.645264948,
        "Standard Deviation": 6788.995739964244,
        "Convergence Generation": 38,
        "Parameters": {
            "Population Size": 100,
            "Dimension": 30,
            "Migration Rate": 0.1,
            "Mutation Rate": 0.05,
            "Generations": 100
        },