{
    "Sphere": {
        "Best Solution": [
            0.647668917680313,
            0.05156048794909629,
            0.43571341143011266,
            0.5440469914926731,
            0.607067767816353,
            0.20606386539585886,
            0.6502427571082009,
            0.7889231810037609,
            0.7634043601283056,
            0.06546280687553474,
            0.7036022206021735,
            0.7646319111920957,
            0.4973977697330132,
            0.8337377747865634,
            0.35476593432958037,
            0.5968743501070256,
            0.5980663049197391,
            0.4384953981398543,
            0.3507607710989732,
            0.4616643910087148,
            0.8197966627063409,
            0.523114753653004,
            0.30164307912888655,
            0.524790782575663,
            0.6625389464468007,
            0.5893582870879677,
            0.3505484192537278,
            0.23637194595263789,
            0.7330041810962223,
            0.07153378319240455
        ],
        "Best Fitness": 9.16131387666297,
        "Best Fitness Per Generation": [
            7.331118035541498,
            6.8931606729070705,
            6.477660657770341,
            5.887906643222976
        ],
        "Parameters": {
            "Population Size": 100,
            "Number of Dimensions": 30,
            "Number of Nests": 10,
            "Pa": 0.25,
            "Alpha": 0.01,
            "Generations": 100
        }
    },
    "Ackley": {
        "Best Solution": [
            0.4949118660511057,
            0.5377545078454311,
            0.18423635454635723,
            0.24015123477141254,
            0.7555199974283928,
            0.14204922821380128,
            0.5294406689583593,
            0.8648397352398975,
            0.9275645246294241,
            0.46412250917516085,
            0.7882738962005592,
            0.18195188317162048,
            0.048531720568915304,
            0.06344207667835167,
            0.9360268488350515,
            0.21712695237081148,
            0.8156652473237608,
            0.7542819722661955,
            0.9971960886268753,
            0.1999655475623261,
            0.37534879753083006,
            0.05886967126755027,
            0.6744102311164283,
            0.8567054886892673,
            0.685893243818912,
            0.2855712052192393,
            0.9348913451542696,
            0.12631153268669448,
            0.2299996931336713,
            0.9815223578152789
        ],
        "Best Fitness": 3.7476020475796123,
        "Best Fitness Per Generation": [],
        "Parameters": {
            "Population Size": 100,
            "Number of Dimensions": 30,
            "Number of Nests": 10,
            "Pa": 0.25,
            "Alpha": 0.01,
            "Generations": 100
        }
    },
    "Rastrigin": {
        "Best Solution": [
            0.3136017057028927,
            0.687878299033349,
            0.3216616544001165,
            0.010707581757896767,
            0.059701697467614445,
            0.12297230291356398,
            0.09207555599304851,
            0.06358499732335776,
            0.9692227446178451,
            0.5506320891828536,
            0.09686689093723644,
            0.9718900862748029,
            0.9431825631424048,
            0.368537803968105,
            0.069239308713823,
            0.2868911773921379,
            0.2682165544190439,
            0.43706060955488923,
            0.25939758078785613,
            0.9452536758604987,
            0.4163847084255926,
            0.21582500297465312,
            0.15377834567720994,
            0.390886464180102,
            0.35103077016038176,
            0.13464926885153738,
            0.8498729155815015,
            0.5356266832096701,
            0.1903788316287518,
            0.7554373447660717
        ],
        "Best Fitness": 256.9881432721049,
        "Best Fitness Per Generation": [
            209.19747514355208
        ],
        "Parameters": {
            "Population Size": 100,
            "Number of Dimensions": 30,
            "Number of Nests": 10,
            "Pa": 0.25,
            "Alpha": 0.01,
            "Generations": 100
        }
    },
    "Rosenbrock": {
        "Best Solution": [
            0.7031891109979046,
            0.13925382412528775,
            0.9568346379564993,
            0.21725149240730934,
            0.6530487847407829,
            0.5677175510198503,
            0.16432079778300346,
            0.07066866526626647,
            0.47817077510328365,
            0.33020844507842406,
            0.09904177637372835,
            0.5708488483638824,
            0.4734125400400949,
            0.24659316209730708,
            0.9396774779157339,
            0.742976477415447,
            0.24800806252509122,
            0.8270855633540657,
            0.5250098470796157,
            0.7039939384556345,
            0.6368336141796554,
            0.4292766851253089,
            0.4983028240798717,
            0.011226864049858065,
            0.42743677408514913,
            0.0951354131783384,
            0.8749579469600731,
            0.6169108664243338,
            0.6135397250518344,
            0.8260983251634181
        ],
        "Best Fitness": 565.1065023557192,
        "Best Fitness Per Generation": [
            399.3895193923691,
            362.85813431845924,
            352.3332373104267
        ],
        "Parameters": {
            "Population Size": 100,
            "Number of Dimensions": 30,
            "Number of Nests": 10,
            "Pa": 0.25,
            "Alpha": 0.01,
            "Generations": 100
        }
    }
}