{
    "Sphere": {
        "Best Solution": [
            -0.2472058831757773,
            -0.5094496157837991,
            -0.39538452672416446,
            -0.5475471683839157,
            0.06491872966026646,
            -0.24764276642940652,
            -0.557233096484083,
            -0.8195540293117536,
            -0.03974111544258485,
            -0.8049196299672938,
            0.3865574903565949,
            -0.008145284344193371,
            0.4377528833829396,
            -0.4037427190059637,
            0.2794741044736593,
            -0.04930402379658716,
            -0.5161442877172424,
            0.6069537141176016,
            -0.12656108500651198,
            -0.6433239332979277,
            -0.05630551567470632,
            -0.48777495861773756,
            0.4639195973317032,
            0.031790885340460484,
            0.1791868254574116,
            0.9685456701340376,
            -0.6081396612055334,
            -0.15685365389182926,
            -0.22048837425486045,
            -0.2498201664095876
        ],
        "Best Fitness": 6.056304526441496,
        "Average Fitness": 9.733743196660393,
        "Standard Deviation": 0.1312590721031758,
        "Parameters": {
            "Population Size": 100,
            "Chromosome Length": 30,
            "F": 0.8,
            "CR": 0.9,
            "Generations": 100
        },
        "Fitness History": [
            6.056304526441496,
            6.056304526441496,
            6.056304526441496,
            6.056304526441496,
            6.056304526441496,
            6.056304526441496,
            6.056304526441496,
            6.056304526441496,
            6.056304526441496,
            6.056304526441496,
            6.056304526441496,
            6.056304526441496,
            6.056304526441496,
            6.056304526441496,
            6.056304526441496,
            6.056304526441496,
            6.056304526441496,
            6.056304526441496,
            6.056304526441496,
            6.056304526441496,
            6.056304526441496,
            6.056304526441496,
            6.056304526441496,
            6.056304526441496,
            6.056304526441496,
            6.056304526441496,
            6.056304526441496,
            6.056304526441496,
            6.056304526441496,
            6.056304526441496,
            6.056304526441496,
            6.056304526441496,
            6.056304526441496,
            6.056304526441496,
            6.056304526441496,
            6.056304526441496,
            6.056304526441496,
            6.056304526441496,
            6.056304526441496,
            6.056304526441496,
            6.056304526441496,
            6.056304526441496,
            6.056304526441496,
            6.056304526441496,
            6.056304526441496,
            6.056304526441496,
            6.056304526441496,
            6.056304526441496,
            6.056304526441496,
            6.056304526441496,
            6.056304526441496,
            6.056304526441496,
            6.056304526441496,
            6.056304526441496,
            6.056304526441496,
            6.056304526441496,
            6.056304526441496,
            6.056304526441496,
            6.056304526441496,
            6.056304526441496,
            6.056304526441496,
            6.056304526441496,
            6.056304526441496,
            6.056304526441496,
            6.056304526441496,
            6.056304526441496,
            6.056304526441496,
            6.056304526441496,
            6.056304526441496,
            6.056304526441496,
            6.056304526441496,
            6.056304526441496,
            6.056304526441496,
            6.056304526441496,
            6.056304526441496,
            6.056304526441496,
            6.056304526441496,
            6.056304526441496,
            6.056304526441496,
            6.056304526441496,
            6.056304526441496,
            6.056304526441496,
            6.056304526441496,
            6.056304526441496,
            6.056304526441496,
            6.056304526441496,
            6.056304526441496,
            6.056304526441496,
            6.056304526441496,
            6.056304526441496,
            6.056304526441496,
            6.056304526441496,
            6.056304526441496,
            6.056304526441496,
            6.056304526441496,
            6.056304526441496,
            6.056304526441496,
            6.056304526441496,
            6.056304526441496,
            6.056304526441496
        ]
    },
    "Ackley": {
        "Best Solution": [
            0.11401380800859218,
            -0.7426966597601399,
            0.5289776823600336,
            -0.14148315521657762,
            -0.2629925157851367,
            -0.8363774016008483,
            -0.27878347981164664,
            -0.8145775233512569,
            -0.06182375394117412,
            0.2672380190898571,
            -0.648218742073555,
            0.4228396483504717,
            0.48822988751771,
            0.15293803455930344,
            0.2482304776416162,
            -0.08819163092793492,
            -0.22146826114866713,
            0.347201191902776,
            0.1938242505338641,
            -0.5177699340359876,
            0.9687923874978657,
            0.26295164512663627,
            -0.019539640206903464,
            0.30168900295085677,
            -0.34793319462511896,
            0.15378765263497862,
            -0.002792859790594182,
            -0.5359825921008605,
            0.8693319489716982,
            0.4171095487348999
        ],
        "Best Fitness": 3.433263165828244,
        "Average Fitness": 3.821125946170148,
        "Standard Deviation": 0.006422665273343747,
        "Parameters": {
            "Population Size": 100,
            "Chromosome Length": 30,
            "F": 0.8,
            "CR": 0.9,
            "Generations": 100
        },