{
    "Sphere": {
        "Best Solution": [
            0.030786396610648373,
            0.09365401662107112,
            -0.27453446558403416,
            0.06375720736771881,
            -0.34659537289441994,
            -0.15853445356877896,
            -0.6068409198621486,
            -1.6055794801285435,
            0.4992208280496196,
            0.09002982344620666,
            -0.13899933355749203,
            -0.003803581971028312,
            -0.1494229223717362,
            -0.8573189074161062,
            0.3285289500658431,
            -0.2550933818151787,
            -1.1449659783109662,
            -0.15684361506717726,
            -1.8113669737529126,
            0.2986167474275504,
            -0.20088352658098554,
            -0.5159888284158816,
            -0.3674533700260662,
            -0.12588604511032586,
            -0.8052889772736904,
            0.9134846966749663,
            -0.9062190620368307,
            -0.5035332010457261,
            1.6703310856183866,
            -1.2491581517254031
        ],
        "Best Fitness": 20.93766353268861,
        "Average Fitness": 102.59748759285404,
        "Standard Deviation": 3.012685659524148,
        "Convergence Generation": 100,
        "Parameters": {
            "Population Size": 100,
            "Dimension": 30,
            "Step Size": 0.1,
            "Attraction Coefficient": 0.1,
            "Mutation Probability": 0.05,
            "Generations": 100
        },
        "Fitness History": [
            120.11414517257663,
            107.53919513646255,
            106.93687414526504,
            109.11931788985945,
            120.54876526514056,
            127.41780476331802,
            126.61231664665547,
            127.9190426126673,
            123.223420491102,
            115.47714728222333,
            108.79497906552217,
            90.10833964804428,
            83.3543726028988,
            77.35312521682555,
            93.60582040082834,
            81.50828203334524,
            77.12391473657442,
            70.5703960805338,
            71.6647904918119,
            66.08678629019737,
            59.70177297380401,
            57.775058846118476,
            52.85920115067152,
            47.1688316031065,
            49.4590513861123,
            43.76560424046475,
            53.52131049684735,
            57.29004942197402,
            51.287896224957834,
            45.1871413045773,
            39.842042946288956,
            34.625794787263956,
            38.53477247931452,
            39.01132682193891,
            37.81235572466906,
            32.57755026706506,
            33.4780510714658,
            36.19075110381954,
            36.55564618521905,
            38.934875293147314,
            37.104884097330135,
            32.146581725805454,
            32.539443846531846,
            31.077857754792205,
            25.949392849719768,
            28.810492558127752,
            28.78927034975265,
            23.57115820740785,
            20.371950890568275,
            24.31180520007166,
            27.4082301646556,
            27.65940220850087,
            22.251139288163596,
            30.100106292290064,
            24.569323824737193,
            29.665851820845447,
            18.1864545236962,
            20.91004544297765,
            19.63033393680708,
            21.95835787302103,
            17.590059946618386,
            25.80098848590327,
            24.16755941515587,
            26.733587585860676,
            23.370177494339018,
            27.298151805331887,
            27.353369612262156,
            24.070039680697356,
            15.504954974804328,
            16.565708749450163,
            29.67279334089119,
            24.17769983331872,
            22.447611602463894,
            20.195955109176943,
            16.38633634339367,
            16.99131669790272,
            13.232296670228653,
            11.760590642427207,
            19.429673516293462,
            23.050947130783427,
            18.415144013593785,
            16.691046285744964,
            13.081808974076909,
            22.697401484100425,
            19.959479322082238,
            16.567333668697483,
            14.367053932033174,
            11.356034133450503,
            15.45697832785414,
            12.039942097360058,
            9.248546781973841,
            9.47088176402001,
            7.229135667581674,
            19.342614291747577,
            22.00420164986183,
            18.516023615826697,
            18.004665324094177,
            13.728550643165395,
            21.42095381099022,
            20.93766353268861
        ]
    },
    "Ackley": {
        "Best Solution": [
            -0.49285137595025613,
            -0.5444245963002569,
            0.05237523666442303,
            -0.9815653858536091,
            -0.562588808840394,
            -0.09433281574831699,
            -0.3723067599780127,
            -0.0032835834424492,
            1.948186309195456,
            -0.1575807715740284,
            1.2543013531391447,
            0.1129806947520488,
            0.2800169776233671,
            -0.5193629843775681,
            0.2366694731871504,
            1.5643593082436054,
            0.10856440165488104,
            1.8443374576719664,
            -0.13937639730032847,
            -0.32940018191368553,
            0.9508201801879071,
            -0.3953926740334766,
            -0.485355371229471,
            0.751075879760937,
            4.07465741418498,
            -0.9101373945944635,
            0.11248166247203278,
            4.433566910943064,
            -0.6652552742335636,
            -0.22430300709849635
        ],
        "Best Fitness": 4.872420036080829,
        "Average Fitness": 8.03582896316224,
        "Standard Deviation": 0.0707183322527527,
        "Convergence Generation": 72,
        "Parameters": {
            "Population Size": 100,
            "Dimension": 30,
            "Step Size": 0.1,
            "Attraction Coefficient": 0.1,
            "Mutation Probability": 0.05,
            "Generations": 100
        },