{
    "Sphere": {
        "Best Solution": [
            77.55893804817491,
            -65.84564354851432,
            -61.73779060729022,
            1.4564103721656032,
            70.96337556836191,
            -0.2693622941810423,
            23.046823586107706,
            -17.31519943893162,
            -65.16104299740853,
            28.075714797394163,
            84.2981468568546,
            -95.60000065080608,
            75.94778755175807,
            18.84961791366689,
            22.091829831198147,
            5.918258623419099,
            13.017519439212894,
            21.210370743925274,
            2.356834102945008,
            10.452851305763186,
            53.16979152023944,
            38.225573928629416,
            5.20867047829719,
            -14.978036752416585,
            -7.894404686180572,
            -32.457697032493904,
            -5.942424345859151,
            47.01598930698192,
            -17.926527542498246,
            -43.93610317000869
        ],
        "Best Cost": 58844.979640154415,
        "Average Cost": 61827.06642300455,
        "Standard Deviation": 2834.0221159623006,
        "Convergence Generation": 79,
        "Fitness History": [
            73829.13868427982,
            73829.13868427982,
            63555.25116521618,
            63555.25116521618,
            63555.25116521618,
            63555.25116521618,
            63555.25116521618,
            63555.25116521618,
            63555.25116521618,
            63555.25116521618,
            63555.25116521618,
            63555.25116521618,
            63555.25116521618,
            63555.25116521618,
            63555.25116521618,
            63555.25116521618,
            63555.25116521618,
            63555.25116521618,
            63555.25116521618,
            63555.25116521618,
            63555.25116521618,
            63555.25116521618,
            63555.25116521618,
            63555.25116521618,
            63555.25116521618,
            63555.25116521618,
            63555.25116521618,
            63555.25116521618,
            63555.25116521618,
            63555.25116521618,
            63555.25116521618,
            63555.25116521618,
            63555.25116521618,
            63555.25116521618,
            63555.25116521618,
            63555.25116521618,
            63555.25116521618,
            63555.25116521618,
            63555.25116521618,
            63555.25116521618,
            63555.25116521618,
            63555.25116521618,
            63555.25116521618,
            63555.25116521618,
            63555.25116521618,
            63555.25116521618,
            63555.25116521618,
            63555.25116521618,
            63555.25116521618,
            63555.25116521618,
            63555.25116521618,
            63555.25116521618,
            63555.25116521618,
            63555.25116521618,
            63555.25116521618,
            63555.25116521618,
            63555.25116521618,
            63555.25116521618,
            59057.60605888317,
            59057.60605888317,
            59057.60605888317,
            59057.60605888317,
            59057.60605888317,
            59057.60605888317,
            59057.60605888317,
            59057.60605888317,
            59057.60605888317,
            59057.60605888317,
            59057.60605888317,
            59057.60605888317,
            59057.60605888317,
            59057.60605888317,
            59057.60605888317,
            59057.60605888317,
            59057.60605888317,
            59057.60605888317,
            59057.60605888317,
            59057.60605888317,
            59057.60605888317,
            58844.979640154415,
            58844.979640154415,
            58844.979640154415,
            58844.979640154415,
            58844.979640154415,
            58844.979640154415,
            58844.979640154415,
            58844.979640154415,
            58844.979640154415,
            58844.979640154415,
            58844.979640154415,
            58844.979640154415,
            58844.979640154415,
            58844.979640154415,
            58844.979640154415,
            58844.979640154415,
            58844.979640154415,
            58844.979640154415,
            58844.979640154415,
            58844.979640154415,
            58844.979640154415
        ]
    },
    "Ackley": {
        "Best Solution": [
            -90.52549571406647,
            2.027028132367988,
            100.0,
            -100.0,
            1.76426683817078,
            6.684077599604743,
            -100.0,
            -100.0,
            -100.0,
            -48.78688998997055,
            -23.21720873309505,
            -65.95785579899334,
            39.09619561039292,
            7.971429448077917,
            9.985677795653082,
            23.15350983093466,
            -100.0,
            100.0,
            -63.2493925770256,
            100.0,
            -17.05799797125077,
            -100.0,
            16.03070154671824,
            100.0,
            11.178871794922944,
            -69.86606792496977,
            -100.0,
            -100.0,
            100.0,
            -8.600067189489685
        ],
        "Best Cost": 20.792051494438542,
        "Average Cost": 20.902130166448718,
        "Standard Deviation": 0.10265464560554438,
        "Convergence Generation": 64,