{
    "Sphere": {
        "Best Solution": [
            -1.2227745710759068,
            -0.44337266773798595,
            0.48430406190084463,
            0.8697365474301224,
            0.5159686428409666,
            -1.0209633651463657,
            0.30577732138559727,
            -0.8191417232969992,
            -0.9560370578636915,
            -0.48847586467207427,
            -0.0806099970300481,
            0.4822770954279099,
            0.3510286510749296,
            -0.2882146767110175,
            -3.127495570057558,
            0.739069456102908,
            0.7140342231424293,
            -0.6731759879047541,
            0.5069654121128176,
            -2.164725995375799,
            0.1635940154121939,
            -1.2621258101730044,
            -1.6087036652882585,
            0.24335997567826284,
            -0.8338667978224599,
            -0.35205979085670663,
            -1.2110942719115916,
            -0.8677309894092406,
            0.27906683944328947,
            3.6480039081584206
        ],
        "Best Fitness": 35.32965495198455,
        "Average Fitness": 35.32965495198455,
        "Standard Deviation": 3.253297593655015,
        "Convergence Generation": 44,
        "Parameters": {
            "Population Size": 100,
            "Dimension": 30,
            "Step Size": 0.1,
            "Attraction Coefficient": 0.1,
            "Mutation Probability": 0.05,
            "Generations": 100
        },
        "Fitness History": [
            151.0970006959956,
            142.75336284769955,
            124.59886187254322,
            113.16672073643667,
            102.71792605037291,
            112.66953723634639,
            91.27027119920157,
            86.50058000643395,
            80.5898103952285,
            73.99066796712857,
            77.82907159230332,
            73.82298915790209,
            64.89619397125988,
            69.80940327342923,
            63.74662775948811,
            59.456317504163955,
            51.4812465584125,
            45.5682893361838,
            42.604664178320725,
            50.70553238886599,
            54.550939062600776,
            50.32327402010964,
            45.143971212830564,
            47.25698157735781,
            39.10752990065454,
            35.71836306216604,
            43.979373129696434,
            36.877790528675064,
            36.87615573819568,
            43.52612924657355,
            40.90906557410949,
            39.132317186780966,
            35.16634751469783,
            30.136514759296738,
            38.792213041864976,
            41.644820911740496,
            42.635855581532404,
            35.1110751355148,
            50.32061547390836,
            45.79036050401544,
            50.01378186605841,
            46.90713083987788,
            36.92115322532271,
            35.32965495198455
        ]
    },
    "Ackley": {
        "Best Solution": [
            1.7019909612865631,
            -1.5531038984000076,
            -0.3393552507595362,
            -1.3482016469458669,
            4.853691765492414,
            -0.022503578696122108,
            0.9657830968705428,
            0.20021858066548767,
            1.263707774885828,
            0.044393542876777325,
            -0.016356711453985807,
            -2.981933214218867,
            -0.8905083643092621,
            0.08373255240485067,
            3.1958475820785353,
            0.01397087577308781,
            0.0527095321226556,
            0.6959689745893193,
            -1.0637390082293905,
            -2.01381642500159,
            -0.7059900336006053,
            -0.024555059830017097,
            3.3009348072892326,
            -1.581201380265683,
            -2.438601440405291,
            -0.49763686429461435,
            0.7355490209177451,
            1.0469816332980193,
            -0.8699679188819839,
            1.0394634306137922
        ],
        "Best Fitness": 5.730127981295887,
        "Average Fitness": 8.148266597806513,
        "Standard Deviation": 0.06163715011126776,
        "Convergence Generation": 42,
        "Parameters": {
            "Population Size": 100,
            "Dimension": 30,
            "Step Size": 0.1,
            "Attraction Coefficient": 0.1,
            "Mutation Probability": 0.05,
            "Generations": 100
        },
        "Fitness History": [
            9.019446643854234,
            8.53363645086024,
            8.131074908723845,
            8.13578468824625,
            7.9665532896211015,
            7.7493018023764435,
            7.770868058423378,
            7.275758190356985,
            6.947454772469671,
            6.948456316221989,
            6.294892251650179,
            6.730236103556276,
            7.0264400386186985,
            6.750285666642501,
            6.384790703562054,
            6.55100500913143,
            6.299244731633792,
            6.185955280718691,
            6.1967553463932745,
            6.026506225935222,
            6.375736380385671,
            6.258150230720926,
            6.299346792909972,
            6.193102782150916,
            6.050385800527639,
            5.58445221261465,
            5.612856607962964,
            6.029469286128045,
            5.835616279543885,
            5.73381196796165,
            5.498269769746319,
            5.281770936654361,
            6.006278454689511,
            6.299665640167039,
            6.424705660429542,
            6.051646781571293,
            6.1092035787639,
            5.982038141750909,
            5.438771966338461,
            5.6501030166561925,
            6.061901216947799,
            5.730127981295887
        ]
    },
    "Rastrigin": {
        "Best Solution": [
            -1.2335821367144408,
            -0.10539562663980648,
            0.06729154219397807,
            -0.1496707390952876,
            2.114966016846685,
            -0.4968992437531666,
            -0.1383110889180283,
            -4.062975718897157,
            1.6936684311385752,
            1.7415328238108367,
            1.061870093533626,
            1.073414508316119,
            0.5442113263031764,
            -0.6119332073821511,
            -4.104930319014816,
            -0.27998181022698454,
            0.27957815780793166,
            -0.33757734230573355,
            3.046095510019118,
            1.252153139168869,
            -0.5845030999079726,
            -0.9323649063979524,
            0.24510965153546124,
            -0.7484903303350903,
            1.9171066969504404,
            3.1465319775687366,
            -1.5262036680112991,
            -2.9846130920521365,
            -0.27674064887053884,
            1.1741625238745688
        ],
        "Best Fitness": 270.135482397126,
        "Average Fitness": 414.6672678866655,
        "Standard Deviation": 3.2111996904362554,
        "Convergence Generation": 52,
        "Parameters": {
            "Population Size": 100,
            "Dimension": 30,
            "Step Size": 0.1,
            "Attraction Coefficient": 0.1,
            "Mutation Probability": 0.05,
            "Generations": 100
        },