{
    "Sphere": {
        "Best Solution": [
            -0.048524042800912826,
            0.02144696097751264,
            0.006597842834176748,
            0.05303987617417638,
            -0.016712840582466915,
            0.05936731116167293,
            -0.0573365841350395,
            -0.013235017351821199,
            -0.0018280681112822217,
            0.034902887201272104,
            0.0588416783173239,
            0.0709967670639371,
            -0.055633104941481104,
            0.08284721993879929,
            0.04238263671038578,
            -0.053519422664277116,
            -0.13010333575138922,
            0.04160778318578495,
            0.05203665321914297,
            -0.04379968441893445,
            0.07547793162698546,
            -0.024632647642700567,
            -0.03420712756376321,
            0.057609598120547334,
            0.030893235920497975,
            0.0024071343590620353,
            0.02560293167493033,
            -0.007829537357900596,
            -0.006345243653375632,
            -0.049979698370985925
        ],
        "Best Fitness": 0.07557373976802678,
        "Average Fitness": 1.4640952835663676,
        "Standard Deviation": 0.30571720685081805,
        "Convergence Generation": 100,
        "Parameters": {
            "Population Size": 100,
            "Chromosome Length": 30,
            "Crossover Rate": 0.8,
            "Mutation Rate": 0.01,
            "Generations": 100
        },
        "Fitness History": [
            6.204702352410087,
            5.788235265903338,
            5.150745478154467,
            5.150745478154467,
            5.150745478154467,
            4.923096213129379,
            4.749151631207724,
            4.282268758656477,
            4.174814036451346,
            3.905648417686555,
            2.9489135361490373,
            3.029596326197298,
            2.671713415289486,
            2.2413313242621267,
            2.315868416163815,
            2.021247041724525,
            1.7765615913769137,
            1.6700751397374456,
            1.6700751397374456,
            1.5597319808514338,
            1.4466329844067074,
            1.3052566999792194,
            1.3232334861611013,
            0.9720197908826209,
            0.9763701936586758,
            0.9903898718786056,
            0.929599059762675,
            0.8717333759165022,
            0.6948732369836297,
            0.6948732369836297,
            0.6948732369836297,
            0.5155706653566451,
            0.542021470293588,
            0.542021470293588,
            0.43270909985412614,
            0.4373133771404791,
            0.42285242407104595,
            0.4021198685705199,
            0.36235916823571657,
            0.353466179587717,
            0.34362302516638427,
            0.3462211279012526,
            0.3485890374053764,
            0.3237209365023238,
            0.3118988354960766,
            0.2868912403400903,
            0.2864535524326298,
            0.2864535524326298,
            0.2864535524326298,
            0.27894942120058486,
            0.28548994846277403,
            0.27719980523738963,
            0.27719980523738963,
            0.27396279701253023,
            0.2503188436215611,
            0.2503188436215611,
            0.2367449840400571,
            0.20874083642472138,
            0.20997425880637888,
            0.2171988491457645,
            0.2282887997929823,
            0.218432271527422,
            0.19008101693337306,
            0.19054399067254804,
            0.1825335828736609,
            0.17154115914976784,
            0.18146140915702258,
            0.1778860438236172,
            0.17859510094960485,
            0.1774728016059336,
            0.17455118113057885,
            0.16572978798626747,
            0.16910814492544346,
            0.16489897478807258,
            0.1607657775705186,
            0.1607657775705186,
            0.15609901597587192,
            0.15609901597587192,
            0.1527833758274366,
            0.14948133336907213,
            0.1419050387893697,
            0.13498140216579832,
            0.13498140216579832,
            0.12426596205344455,
            0.12426596205344455,
            0.13088675662964913,
            0.11592359469851969,
            0.1111256534820812,
            0.1111256534820812,
            0.09981007179777147,
            0.09647119737272779,
            0.08984739663131575,
            0.08984739663131575,
            0.08434542016811422,
            0.08298502015705679,
            0.08298502015705679,
            0.08055401468396237,
            0.08055401468396237,
            0.07857554026997611,
            0.07557373976802678
        ]
    },
    "Ackley": {
        "Best Solution": [
            -0.04547696638965071,
            -0.0535427972696777,
            0.008998482423383858,
            -0.04693717413502685,
            0.05431100130345312,
            0.03930784783631125,
            0.011813771643064186,
            0.019652754253807414,
            0.029130901751742377,
            -0.003798431673083691,
            0.04397433844813459,
            0.048524656793065946,
            0.06602032310678474,
            -0.03795718307389262,
            -0.058182864879471885,
            0.005027893840202746,
            0.0025219783542471674,
            -0.004266339363198535,
            0.02263874415959377,
            -0.07906936853806623,
            0.04831716412896736,
            0.08223086540098767,
            -0.015303077036787571,
            0.031847121806649614,
            0.01162537634840266,
            0.006257062639620337,
            0.0448375494148191,
            0.0438139450769548,
            -0.028965557541482334,
            0.06488172448476148
        ],
        "Best Fitness": 0.25914479926595435,
        "Average Fitness": 1.2429449312179728,
        "Standard Deviation": 0.040894303751466736,
        "Convergence Generation": 100,
        "Parameters": {
            "Population Size": 100,
            "Chromosome Length": 30,
            "Crossover Rate": 0.8,
            "Mutation Rate": 0.01,
            "Generations": 100
        },