{
    "Sphere": {
        "Best Solution": [
            0.08725938704447733,
            0.03129760802615844,
            0.02131975403077635,
            -0.053890662352325536,
            0.05357171752286105,
            0.004146319264138332,
            0.08260927590527933,
            0.015312313704430203,
            0.10224887524286352,
            0.0023295506472328364,
            0.06263624223728326,
            0.0004934471987136924,
            -0.07130427487830171,
            -0.003152153637255961,
            -0.09013621204441313,
            -0.006342059175357906,
            0.04700965476945973,
            0.011840863200709206,
            -0.016334631770236974,
            0.07183000092194713,
            0.009481666967721014,
            0.013875846903615319,
            -0.07896209798813036,
            0.010888397978553344,
            0.03207244831725664,
            0.05916073220338125,
            0.054077148156594035,
            0.024527453974856672,
            0.008472002192663308,
            -0.00687458297782273
        ],
        "Best Fitness": 0.07212724936059296,
        "Average Fitness": 1.4265922849326302,
        "Standard Deviation": 0.3599680446820338,
        "Convergence Generation": 0,
        "Parameters": {
            "Population Size": 100,
            "Chromosome Length": 30,
            "Crossover Rate": 0.8,
            "Mutation Rate": 0.01,
            "Generations": 100
        },
        "Fitness History": [
            5.715940129589654,
            5.356019736509876,
            4.885759671823249,
            4.028221564271212,
            4.438388144969617,
            4.021502099390485,
            4.523460257050039,
            3.9990964501003186,
            3.3984476227060854,
            3.3652940967493015,
            3.08693081684948,
            2.602208769665955,
            2.304914968832799,
            2.1977905669465834,
            2.0416317577209058,
            2.0640043342822496,
            1.8042617058813748,
            1.541841137458782,
            1.4726614882930333,
            1.5074292706691832,
            1.35420461112602,
            0.9946281107203527,
            1.0777847074183293,
            0.9534007212867502,
            0.9995420057162137,
            0.9852745944519822,
            0.9852745944519822,
            0.9511264075825525,
            0.9623338831182969,
            0.8982640654300617,
            0.8355910582778038,
            0.8561433558613983,
            0.6811748837842174,
            0.6508858420256038,
            0.5862126693037383,
            0.5862126693037383,
            0.5709677873876956,
            0.5193739103172823,
            0.45522711707247293,
            0.3972971973977966,
            0.34157720647743445,
            0.34157720647743445,
            0.34157720647743445,
            0.3423229119430357,
            0.28840431690660684,
            0.28840431690660684,
            0.2816288466557727,
            0.2865172158773536,
            0.27563297330615905,
            0.27563297330615905,
            0.2771967326147974,
            0.26038477395200743,
            0.2664004072608287,
            0.24438139859429636,
            0.23690983208139202,
            0.20759099726109542,
            0.20952362144205272,
            0.2240993410802774,
            0.20975416199756972,
            0.21040483341348448,
            0.20426425396024134,
            0.2033877919199392,
            0.20145516773898187,
            0.20533100582247382,
            0.20002810154721443,
            0.18954484664055896,
            0.18955000747868236,
            0.18737849766666517,
            0.17952154809440923,
            0.15920811027732767,
            0.1759853364310639,
            0.17233127276074636,
            0.16727382966303508,
            0.15884512988173388,
            0.15884512988173388,
            0.15515077438879724,
            0.15515077438879724,
            0.14886886771636437,
            0.14886886771636437,
            0.12644963044735735,
            0.12644963044735735,
            0.12050337461701222,
            0.12103520998269914,
            0.11510255389419774,
            0.10394104214140436,
            0.10729266927491454,
            0.1041395997929371,
            0.1041395997929371,
            0.09522206565812966,
            0.09522206565812966,
            0.08778744986983832,
            0.08741218103884649,
            0.08425911155686905,
            0.07840339756020481,
            0.07840339756020481,
            0.07840339756020481,
            0.07840339756020481,
            0.07826807183826347,
            0.07321288742761864,
            0.07212724936059296
        ]
    },
    "Ackley": {
        "Best Solution": [
            0.04536694044639866,
            -0.05437404921927824,
            0.02932675987538036,
            -0.013586804140154451,
            0.0011547798137435672,
            0.038568943583991766,
            0.052520236440922186,
            -0.05916612798835397,
            0.06893038752240788,
            0.05314346020238392,
            0.0497443778313118,
            0.008644970915392847,
            0.039214498667549225,
            0.046189046740030326,
            0.02351589329008985,
            0.05001180107187253,
            0.11212878805534454,
            0.035777963002548985,
            0.08772954473799266,
            0.03509379865945117,
            -0.04788080829993124,
            0.026752898638250033,
            0.03816891111862075,
            -0.022174106665025395,
            0.04453648281067224,
            0.017792046813711382,
            -0.017292096209056584,
            0.02003057424189303,
            0.041848790132884006,
            -0.003960959304103451
        ],
        "Best Fitness": 0.2915570635594098,
        "Average Fitness": 1.3464191234492504,
        "Standard Deviation": 0.031918932487133664,
        "Convergence Generation": 0,
        "Parameters": {
            "Population Size": 100,
            "Chromosome Length": 30,
            "Crossover Rate": 0.8,
            "Mutation Rate": 0.01,
            "Generations": 100
        },