{
    "Sphere": {
        "Best Solution": [
            0.7953289260555829,
            1.2202310918843455,
            -0.5915159220729183,
            -1.865076224881561,
            0.10976441743882376,
            1.0576773018494787,
            1.0074516344767122,
            1.122767582047739,
            -1.0181664335466154,
            -1.0913924516378692,
            -1.6638203101481301,
            -0.49080229523662,
            0.8754504985513815,
            0.01648406729505518,
            -1.1727239521605182,
            1.2470255790125724,
            2.062935462996437,
            0.5851675296937836,
            0.2490841797804828,
            0.0437930192986159,
            -0.1402884772347868,
            1.5832644190013965,
            0.6226490506775747,
            -0.02143380456556343,
            0.6364348908918775,
            2.2339089464275395,
            -0.3343678390697679,
            -0.5184698276913186,
            0.533415462518066,
            1.212872903239572
        ],
        "Best Fitness": 3.706250880516051,
        "Average Fitness": 70.97631189208786,
        "Standard Deviation": 11.907531828903013,
        "Convergence Generation": 36,
        "Parameters": {
            "Population Size": 100,
            "Dimension": 30,
            "Step Size": 0.1,
            "Attraction Coefficient": 0.1,
            "Generations": 100
        },
        "Fitness History": [
            142.2515394602156,
            134.61774958218908,
            126.7638368991419,
            116.99344006364352,
            107.06726582199296,
            97.37760623322968,
            85.57403944572694,
            75.51901710574754,
            64.52836993373893,
            56.49587507230446,
            45.79148874084892,
            37.77870263291114,
            27.129186795995818,
            20.12238681735716,
            11.848362084100351,
            6.540834255053726,
            4.41812855209855,
            3.3114427286237675,
            3.765043873648713,
            3.5893688980407723,
            3.5139768038573984,
            3.833841071019022,
            2.6489155348975184,
            3.6165338510359524,
            3.3778004167250266,
            2.5513003666460476,
            3.2675215757433245,
            3.022715449953059,
            2.9654250172921492,
            2.805587877505438,
            3.3207234794146534,
            2.9006993820872022,
            3.600117111426144,
            3.514061438190651,
            3.6610984503393937,
            3.706250880516051
        ]
    },
    "Ackley": {
        "Best Solution": [
            -0.05052397220773676,
            0.2673406134100757,
            0.28032043441161625,
            0.5842099931778177,
            0.21998061618635167,
            -0.26765937411909463,
            0.2966395393156317,
            0.8815348073814923,
            -0.4154172410246742,
            -0.08199371413117135,
            -0.3536165580680713,
            -0.11336825830572331,
            -0.29587303252272107,
            0.9679745396843635,
            -0.1786153942479568,
            0.7162298530207083,
            0.17622327190757184,
            -0.18745389123055517,
            0.997669354606928,
            -0.49571353618492897,
            0.04299860744320835,
            -1.0080678936233514,
            -0.29920060232436135,
            0.9401740618993637,
            0.5107278538729099,
            -0.7831040412064184,
            0.5487485804047794,
            -0.18180641340285394,
            -1.315010204355547,
            -0.5277493620926422
        ],
        "Best Fitness": 2.6984273758067627,
        "Average Fitness": 5.672411579375855,
        "Standard Deviation": 0.23283920622874063,
        "Convergence Generation": 41,
        "Parameters": {
            "Population Size": 100,
            "Dimension": 30,
            "Step Size": 0.1,
            "Attraction Coefficient": 0.1,
            "Generations": 100
        },
        "Fitness History": [
            8.940074216295066,
            8.647656658479189,
            8.471787110676614,
            8.389414759634091,
            8.181403024216156,
            7.804733318858776,
            7.375834778821831,
            7.076348309118831,
            6.874761989923986,
            6.679683025632048,
            6.336599027437888,
            5.86560455589678,
            5.308149347630117,
            5.0062392951580215,
            4.4116314007228645,
            3.5455089095106556,
            3.000667917459641,
            2.8059843225313057,
            2.587640034724537,
            2.696809150446033,
            2.6318145768584356,
            2.702937912156188,
            2.680717637141559,
            2.6962506861054654,
            2.615086680648013,
            2.6389855950193746,
            2.7147316787582807,
            2.5652551711538725,
            2.6895290119870983,
            2.570119236263207,
            2.5074237975213447,
            2.5888677623977547,
            2.616629991190838,
            2.648004682568964,
            2.732049161938399,
            2.6617914281070907,
            2.6483256131099613,
            2.7336117677365412,
            2.7679218430955967,
            2.624186146367816,
            2.6984273758067627
        ]
    },
    "Rastrigin": {
        "Best Solution": [
            -0.3409260928898685,
            -0.45631404914927076,
            -0.011527349210793014,
            0.23316513157241495,
            0.4839222388328257,
            0.4588322158842351,
            -0.7134604700031564,
            -0.1261901600464077,
            0.0736166444691509,
            0.23459129590837813,
            -0.43168329400582217,
            0.1556519709961404,
            0.24281712441028674,
            0.13091820992394207,
            0.4511155414741037,
            0.001855962283928425,
            -0.4268447718610189,
            -0.5298533544227071,
            -0.07095375728450437,
            0.02137459211922002,
            -0.14497114772655934,
            -0.23180586639213707,
            0.2950014632327256,
            -0.6435078683101338,
            -0.4094057893163602,
            0.10079649333429097,
            -0.047314229645871286,
            0.11262809686357156,
            0.48742361474545515,
            0.157767504157325
        ],
        "Best Fitness": 207.01784194540906,
        "Average Fitness": 392.2695883157039,
        "Standard Deviation": 5.700864997220344,
        "Convergence Generation": 28,
        "Parameters": {
            "Population Size": 100,
            "Dimension": 30,
            "Step Size": 0.1,
            "Attraction Coefficient": 0.1,
            "Generations": 100
        },
        "Fitness History": [
            425.00766195786963,
            453.2336767706119,
            432.76721300333924,
            381.93120926097976,
            345.15871723222784,
            360.70719454522936,
            329.45158698342016,
            316.61935783208804,
            313.9775826154415,
            297.66164082298906,
            281.60175012645504,
            253.67796601221846,
            244.74361517264373,
            272.7332971433143,
            247.8869431794292,
            253.6626980144291,
            219.25551986465018,
            201.263048167293,
            227.7705945370798,
            227.9242004294195,
            238.12835203704236,
            246.29540124076155,
            214.56171134961468,
            224.58896350269404,
            213.1530802618106,
            218.94621775000138,
            215.30722470535025,
            207.01784194540906
        ]
    },