{
    "Sphere": {
        "Best Solution": [
            1.2532643647382355,
            -2.1372718741338312,
            -3.8841589709616797,
            1.1874778199615024,
            -1.1119009209121793,
            -3.0586517210909205,
            4.973787264918843,
            -1.9611501966678875,
            -0.6509877894754416,
            2.4699721020944594,
            -1.7983538109802175,
            3.156050062838576,
            3.760524051643723,
            2.8912491113994174,
            -0.7986372425511941,
            4.90260059316526,
            4.962252841080235,
            4.865116649034711,
            3.580445273213913,
            -2.9618929768205313,
            2.882024546372221,
            1.2061815912978104,
            -1.885689868471907,
            -3.020556827588419,
            -3.36737870225212,
            -1.5595481000198914,
            -4.00325984974205,
            -1.483190920005572,
            -4.6690720425847285,
            2.016194541667792
        ],
        "Best Fitness": 176.60938200471713,
        "Average Fitness": 264.63744368096883,
        "Standard Deviation": 3.017133218766283,
        "Convergence Generation": 13,
        "Parameters": {
            "Population Size": 100,
            "Dimension": 30,
            "Harmony Memory Size": 20,
            "Pitch Adjustment Rate": 0.7,
            "Bandwidth": 0.05,
            "Generations": 100
        },
        "Fitness History": [
            166.77474246419519,
            172.6958764253711,
            142.7196236654273,
            166.71749498656578,
            173.7895147650832,
            177.48597409110897,
            150.12843804838673,
            178.84778499166723,
            175.89874417163034,
            179.71025714662605,
            199.87979840662837,
            148.4781388184347,
            176.60938200471713
        ]
    },
    "Ackley": {
        "Best Solution": [
            2.8575286952552243,
            0.5293198062358264,
            2.719834713858238,
            -2.607376041981748,
            -1.26800323919086,
            3.271884954875024,
            -3.674309660521426,
            3.363357170422458,
            -2.381539150024258,
            1.5391164204107999,
            3.396633246625973,
            1.0604678659676612,
            -0.3889317596823494,
            1.0485652085426258,
            3.228500117910117,
            -2.0364128961082986,
            -0.3017640088482454,
            -2.668568416494536,
            -0.1620740552636637,
            1.2496239170378023,
            4.744460894145527,
            3.9642535958405696,
            4.653081322280014,
            2.422882097127904,
            -4.078841493159558,
            -2.5505590107851415,
            3.1482256283946004,
            1.4352267765831803,
            4.1197912411539885,
            3.951256171567771
        ],
        "Best Fitness": 9.64242816634052,
        "Average Fitness": 10.63431965687259,
        "Standard Deviation": 0.027670729148054317,
        "Convergence Generation": 11,
        "Parameters": {
            "Population Size": 100,
            "Dimension": 30,
            "Harmony Memory Size": 20,
            "Pitch Adjustment Rate": 0.7,
            "Bandwidth": 0.05,
            "Generations": 100
        },
        "Fitness History": [
            8.655269098591118,
            9.208474414107991,
            9.031117715569906,
            9.263156472490095,
            9.46137690063792,
            9.310175498457399,
            9.629913314594203,
            9.194228170231526,
            9.274861282108837,
            9.684812804780995,
            9.64242816634052
        ]
    },
    "Rastrigin": {
        "Best Solution": [
            2.886382588631922,
            1.8843592476442301,
            -0.088978351065751,
            4.487680299590718,
            -2.4873906714720406,
            0.6907435537163552,
            4.865919412960991,
            -1.1142553897727034,
            1.2832800486346023,
            -0.772817006265094,
            -0.9569265649662657,
            -0.3295033096021112,
            -1.2459895038651654,
            -2.8466835122589593,
            -4.979433321909739,
            4.096407585520897,
            2.144849028450903,
            -3.396704245735484,
            -5.0,
            -2.6737390069828795,
            -3.942493100966568,
            2.3205069916833168,
            0.5063789295879999,
            0.5939526336499183,
            4.759368066023392,
            4.097723425079395,
            -2.3771100111101555,
            1.916866450983454,
            -1.7393659642797907,
            4.599439624757433
        ],
        "Best Fitness": 481.6478289348444,
        "Average Fitness": 566.2014968243494,
        "Standard Deviation": 3.4424884672570926,
        "Convergence Generation": 14,
        "Parameters": {
            "Population Size": 100,
            "Dimension": 30,
            "Harmony Memory Size": 20,
            "Pitch Adjustment Rate": 0.7,
            "Bandwidth": 0.05,
            "Generations": 100
        },
        "Fitness History": [
            406.2661663107466,
            414.518784092621,
            430.4821376102852,
            390.62769559191787,
            450.37973144592894,
            457.2627177815066,
            437.108426718523,
            450.5840318664,
            436.9962375244602,
            420.08784035562667,
            456.10166332239334,
            460.5909721067281,
            487.3606399097283,
            481.6478289348444
        ]
    },
    "Rosenbrock": {
        "Best Solution": [
            -1.40254444800494,
            -2.2861592282555576,
            -4.322116814766817,
            1.5029089604937902,
            0.10930523786394353,
            -4.909868931427964,
            -4.852376496130907,
            -3.111407776696544,
            1.192458743384637,
            1.1725753607677583,
            1.2078115085976213,
            -1.3846839204434416,
            0.780574469187959,
            -2.645757356909903,
            -3.544796341138628,
            -2.191298232635111,
            0.13969086299448275,
            -1.9185188767581614,
            4.7825150171096,
            2.5002674639917775,
            -1.0852339248537326,
            0.060887561673905716,
            4.130797597388344,
            -2.4291476535948853,
            3.967937818953059,
            -3.0654956809009652,
            1.1847112110815432,
            4.790865903536711,
            -4.793289811755696,
            -1.6304271604594278
        ],
        "Best Fitness": 183982.39607078454,
        "Average Fitness": 371786.85869179905,
        "Standard Deviation": 7662.641900460508,
        "Convergence Generation": 11,
        "Parameters": {
            "Population Size": 100,
            "Dimension": 30,
            "Harmony Memory Size": 20,
            "Pitch Adjustment Rate": 0.7,
            "Bandwidth": 0.05,
            "Generations": 100
        },
        "Fitness History": [
            146073.24962675362,
            166211.48334147356,
            244896.71610649803,
            196948.47219309176,
            154499.28867572278,
            160562.534899377,
            178312.63475632924,
            167366.68923848646,
            182865.75077096504,
            163700.98338924805,
            183982.39607078454
        ]
    }
}