{
    "Sphere": {
        "Best Solution": [
            0.4721488678106793,
            0.7525516442291135,
            0.26286509719031403,
            -2.369488371613607,
            -0.6902976981209386,
            -0.8031906562194642,
            -0.22199804293334258,
            0.06475830983723158,
            -0.3250883278062094,
            0.26217161704647685,
            1.3238042002696224,
            0.4446334887772376,
            2.431914365838038,
            -0.22184857243199277,
            2.9681187700861837,
            -0.10443620279456166,
            1.1202894018706648,
            -0.14092157909795894,
            0.31476902925291544,
            -1.6176196199660888,
            0.7060903146062213,
            -0.8848265601500123,
            0.1730671694727146,
            0.07279196652700898,
            -1.6033464206334425,
            -0.27245425379934435,
            -0.708630242681358,
            -0.04882202597428706,
            -2.669598360623112,
            -0.9094049951766118
        ],
        "Best Fitness": 31.683181644662795,
        "Average Fitness": 122.39467188835899,
        "Standard Deviation": 4.282991422304519,
        "Convergence Generation": 60,
        "Parameters": {
            "Population Size": 100,
            "Dimension": 30,
            "Step Size": 0.1,
            "Attraction Coefficient": 0.1,
            "Mutation Probability": 0.05,
            "Generations": 100
        },
        "Fitness History": [
            159.21544799719467,
            151.4887782694727,
            153.5389101805809,
            145.36846849602816,
            138.36180955764036,
            125.80108798090875,
            121.63273157858401,
            122.2130532306868,
            114.571458809414,
            107.01622888435342,
            105.98401174630091,
            99.05785645159467,
            99.26652217821776,
            91.9504532461851,
            86.937869404927,
            72.75265882744903,
            76.80651787099109,
            71.43862567460286,
            65.08951100165397,
            58.82940619854967,
            53.129570620651684,
            49.622962126866,
            45.97887350764557,
            49.96052089121389,
            53.7307857937801,
            49.43964599364247,
            43.585462643098225,
            42.25344688006891,
            39.299838244387615,
            34.116544789946545,
            27.70443880281639,
            39.97471299767919,
            32.44073849810109,
            26.01400327512772,
            29.1031980185331,
            24.766719943293925,
            24.75206649835618,
            28.353262484602876,
            23.770664200323736,
            37.07078855422317,
            38.05515287220297,
            35.21058919029668,
            29.828879030008654,
            23.184446379876626,
            19.45344633056697,
            24.492892336983147,
            22.913625891363722,
            19.126037321696256,
            15.848822155987172,
            12.24913913445178,
            22.419970001990443,
            22.35683842350297,
            24.353237282525704,
            18.494625468361793,
            20.493264696744077,
            27.474779292510743,
            32.305889237752524,
            26.58355596623397,
            28.795571537618947,
            31.683181644662795
        ]
    },
    "Ackley": {
        "Best Solution": [
            2.3069296628982583,
            -0.5078745399713382,
            0.4495246326568386,
            -2.504187783442049,
            -0.014732543341470717,
            0.12880997697655866,
            0.07184259109159073,
            1.041660684604219,
            -0.25952891925860727,
            0.9729513219275374,
            -2.4501259102811512,
            -1.756212819174211,
            0.4408589470373875,
            -0.20184336881838127,
            0.17684979781089627,
            2.8347880455382097,
            0.15475750891524687,
            -0.4307735341699234,
            -0.1779207237740047,
            0.1666810226931388,
            0.4489739448207912,
            -0.2500146029792621,
            1.9962189050786683,
            0.06499116333879043,
            0.5508581128614422,
            -0.3191234752745325,
            -0.24183023949600377,
            -0.07905930194553852,
            0.010952217737643391,
            -0.11362865074024844
        ],
        "Best Fitness": 5.5848374717205935,
        "Average Fitness": 8.260494616629861,
        "Standard Deviation": 0.10732775252012189,
        "Convergence Generation": 59,
        "Parameters": {
            "Population Size": 100,
            "Dimension": 30,
            "Step Size": 0.1,
            "Attraction Coefficient": 0.1,
            "Mutation Probability": 0.05,
            "Generations": 100
        },
        "Fitness History": [
            9.470201240794228,
            9.34539430252535,
            9.076260301162481,
            8.897404889578,
            8.683477414323255,
            8.567087746889744,
            8.2560499976173,
            8.171242525070253,
            7.998655240009905,
            7.817079469676752,
            8.007103871855085,
            7.650876834930891,
            7.8275652068253265,
            7.851535184043771,
            7.526640985050502,
            7.5285182071854155,
            7.391619991235272,
            7.090461044793807,
            6.809671343696559,
            7.262323978031031,
            7.040441631784606,
            6.968788937544499,
            6.610340760910741,
            6.414755164255009,
            6.373754942169988,
            6.300967972150346,
            6.086325521997342,
            6.202947882398082,
            5.782315015722652,
            5.6504188171513725,
            6.51533932921453,
            6.409306052630466,
            6.213852820676969,
            5.990528966285051,
            6.024783603304641,
            5.7796875532695395,
            6.046241103655838,
            5.7790272252716655,
            5.572707676259949,
            5.155047633718482,
            5.614817629457747,
            5.297668269736299,
            4.957102636008653,
            5.806260371134815,
            5.445104519814709,
            5.452464320304113,
            5.10791764924608,
            4.952928701816994,
            4.732728988761075,
            5.094264951372004,
            5.534237416029516,
            5.232599908071133,
            5.653116960595611,
            5.3453181618501375,
            5.278506382826627,
            5.0383482505329376,
            5.023670751199795,
            5.192128484225606,
            5.5848374717205935
        ]
    },
    "Rastrigin": {
        "Best Solution": [
            0.08409984543651353,
            -0.5751425869703092,
            0.36895129173796976,
            0.7976257518139607,
            0.8005014129962672,
            0.12159549578567874,
            0.19228072814581018,
            -0.919440922252026,
            -0.054256079749162266,
            -0.7580805206200539,
            -0.04538540291014971,
            -0.7028357515754603,
            2.0343997335475135,
            0.48662216589908885,
            -3.063030787861463,
            -0.048593971475237446,
            -0.18869620268012685,
            -0.1332463573325537,
            -1.001645092405494,
            -0.9857390382409843,
            -1.54716469731786,
            1.259602987121294,
            -0.3391804690988068,
            -0.252227677392088,
            -0.8088345622628244,
            -0.22408385074381099,
            0.3160992112281246,
            1.0375189539854026,
            2.566147526314233,
            -2.4024520079616978
        ],
        "Best Fitness": 275.2253090488676,
        "Average Fitness": 446.5944612727171,
        "Standard Deviation": 4.217398458274737,
        "Convergence Generation": 40,
        "Parameters": {
            "Population Size": 100,