{
    "Sphere": {
        "Best Solution": [
            0.19606101102342632,
            0.11421384996099936,
            0.16711682132763447,
            -0.24814900955036076,
            -0.24022994275590914,
            0.24534061289836046,
            0.40580390212752515,
            -0.06546062236068216,
            0.20375559578281147,
            -0.15820418747394896,
            -0.028922560360912435,
            0.07510035540434344,
            0.1866554872893761,
            -0.24736787788288464,
            -0.002799663295119365,
            0.21375551051855235,
            -0.2989787668798536,
            0.016696690889651655,
            -0.18843329232237493,
            0.21165321901352208,
            0.0037680102953928174,
            0.027274490183297917,
            -0.2416617561902865,
            -0.0033163637400690105,
            0.46242098331699844,
            -0.3691011989647939,
            0.20251027107085265,
            0.04881740140337762,
            0.20940814150511616,
            0.3049639656277521
        ],
        "Best Fitness": 1.402064879449244,
        "Average Fitness": 14.608980017118354,
        "Standard Deviation": 6.926268182094064,
        "Convergence Generation": 75,
        "Parameters": {
            "Population Size": 100,
            "Dimension": 30,
            "Step Size": 0.1,
            "Influence Coefficient": 0.1,
            "Generations": 100
        },
        "Fitness History": [
            147.01175540100508,
            123.72043264544922,
            86.61546247665372,
            66.0028133854135,
            52.62647958238396,
            38.79160307556977,
            25.34879457534776,
            20.124460337224374,
            16.076091247412478,
            12.392294657219779,
            6.825642921199825,
            6.825642921199825,
            4.808659714747845,
            4.535254117580851,
            3.82404127137808,
            3.3158220776254845,
            2.8495163685409284,
            2.399644700572909,
            2.1222108465859115,
            1.8469848393511672,
            1.789980615056515,
            1.7202447099367841,
            1.6374747968413166,
            1.5740047198545677,
            1.5226631743452443,
            1.5047107350333513,
            1.4615694129039252,
            1.4524240700055102,
            1.439658966826951,
            1.4205988006297425,
            1.4205988006297425,
            1.4205988006297425,
            1.4189623664185955,
            1.4090868623923831,
            1.4090868623923831,
            1.4090868623923831,
            1.4090868623923831,
            1.4075556536513196,
            1.4075556536513196,
            1.404178271071972,
            1.404178271071972,
            1.403899590644416,
            1.4034028682375832,
            1.4034028682375832,
            1.403401383524447,
            1.402876034790079,
            1.402876034790079,
            1.4027186639825977,
            1.4027186639825977,
            1.4027186639825977,
            1.4024684973250219,
            1.4024684973250219,
            1.4024684973250219,
            1.4022505906452993,
            1.4022505906452993,
            1.4022505906452993,
            1.4022505906452993,
            1.4022505906452993,
            1.4022505906452993,
            1.4022454559069635,
            1.402140920331405,
            1.402140920331405,
            1.402140920331405,
            1.402140920331405,
            1.402064879449244,
            1.402064879449244,
            1.402064879449244,
            1.402064879449244,
            1.402064879449244,
            1.402064879449244,
            1.402064879449244,
            1.402064879449244,
            1.402064879449244,
            1.402064879449244,
            1.402064879449244
        ]
    },
    "Ackley": {
        "Best Solution": [
            -0.120964612254625,
            0.050939921099190016,
            -0.7601276544178038,
            -0.704910414873309,
            0.18168857501313207,
            0.00861313216856286,
            0.23373987782794972,
            0.9949244875366972,
            0.44960077076907723,
            0.5883144699180454,
            -0.17804873687033482,
            0.14028235696071512,
            0.1377033878291929,
            0.17462736457464048,
            -0.02848111358429603,
            -0.04527490262467733,
            -0.09369464692895951,
            0.8726735894329085,
            -0.28839298613913306,
            0.1523166090535679,
            0.20069474905135878,
            0.006630833609615103,
            -0.1704253410050757,
            -0.12520368466903353,
            -0.06038021993073762,
            0.015181062113945099,
            -0.09389889694867425,
            0.35836770678961716,
            0.16527751804536894,
            0.6297210670692692
        ],
        "Best Fitness": 2.6627376254130692,
        "Average Fitness": 3.514753995101338,
        "Standard Deviation": 0.16391342470919526,
        "Convergence Generation": 70,
        "Parameters": {
            "Population Size": 100,
            "Dimension": 30,
            "Step Size": 0.1,
            "Influence Coefficient": 0.1,
            "Generations": 100
        },
        "Fitness History": [
            8.88666922372323,
            7.657789752248831,
            7.517131642171478,
            6.475706739755214,
            6.1781240946328495,
            5.726608607602323,
            5.094457587329295,
            4.898104500233568,
            4.4851874940447125,
            4.145302145015037,
            3.843475721524307,
            3.5449654599976737,
            3.5449654599976737,
            3.3271379498453695,
            3.2698138442075124,
            3.214564784288456,
            3.0370417992120626,
            3.0370417992120626,
            3.0097794107477793,
            2.901299837407056,
            2.8966363309685694,
            2.829072504093578,
            2.8263483886120366,
            2.7581528118585585,
            2.7273149648168276,
            2.7273149648168276,
            2.7127270782123323,
            2.695323473565939,
            2.6870127113448494,
            2.6816908216730835,
            2.677069122576946,
            2.6740927141354054,
            2.6740927141354054,
            2.6703989529764915,
            2.6703989529764915,
            2.6635067084134403,
            2.6635067084134403,
            2.6635067084134403,
            2.6635067084134403,
            2.6635067084134403,
            2.6635067084134403,
            2.6635067084134403,
            2.66303506685188,
            2.66303506685188,
            2.66303506685188,
            2.66303506685188,
            2.66303506685188,
            2.66303506685188,
            2.6629393371340453,
            2.662847099390707,
            2.662847099390707,
            2.662847099390707,
            2.662847099390707,
            2.662847099390707,
            2.6627793978353265,
            2.6627793978353265,
            2.6627793978353265,
            2.6627793978353265,
            2.6627793978353265,
            2.6627376254130692,
            2.6627376254130692,
            2.6627376254130692,
            2.6627376254130692,
            2.6627376254130692,
            2.6627376254130692,
            2.6627376254130692,
            2.6627376254130692,
            2.6627376254130692,
            2.6627376254130692,
            2.6627376254130692
        ]
    },