{
    "Sphere": {
        "Best Solution": [
            3.302003041277558,
            1.4197260201119835,
            1.6860720686475077,
            -0.3389548718873769,
            0.40433846394440387,
            2.102883003195365,
            -0.25542695476545807,
            -1.8127635994336093,
            -0.9928487952014021,
            4.160192277033887,
            3.96361640444688,
            3.657766946048111,
            -1.3197327148416176,
            -1.0657645395160475,
            -1.4497794541064626,
            3.2708332341009254,
            2.860022071758259,
            4.1046125471566315,
            -1.0879740255556818,
            -1.2009143749384725,
            -0.07115936966435177,
            -1.1314627118663907,
            2.4361265832868226,
            0.8022033289216699,
            -1.0831387957205745,
            1.7192650566811114,
            5.0,
            0.6276748057771336,
            0.17098582665220058,
            4.771758976355036
        ],
        "Best Fitness": 169.84806759373794,
        "Average Fitness": 281.8873992048792,
        "Standard Deviation": 3.8357767950158754,
        "Convergence Generation": 12,
        "Parameters": {
            "Population Size": 100,
            "Dimension": 30,
            "Parameter a": 3,
            "Parameter r": 1,
            "Generations": 100
        },
        "Fitness History": [
            148.76726167746918,
            143.12118696692605,
            148.63707746571257,
            155.94126999674114,
            158.97779527819017,
            158.92743126031516,
            167.50121102560152,
            177.44400957973778,
            172.79901488204789,
            169.24226788106955,
            159.61421029929073,
            169.84806759373794
        ]
    },
    "Ackley": {
        "Best Solution": [
            0.9351612059384404,
            1.6560694015699378,
            2.322194129467261,
            0.3980148668167933,
            -3.302171768005953,
            -0.3902458117833596,
            1.759493941899432,
            2.2236950957990187,
            3.224311084071031,
            -0.20543749529051636,
            5.0,
            0.20713499666270085,
            -2.466433053413236,
            0.6579645918114904,
            -2.3363314335225267,
            2.9497752964857447,
            1.9582008707615306,
            2.3274477820840787,
            5.0,
            4.495014869035661,
            4.795712700597631,
            -0.37350072377412746,
            -0.17850820683044993,
            2.846345729135602,
            4.596772379751723,
            -0.12617123862995094,
            0.988608568614177,
            0.579878481130336,
            -3.0530186893283875,
            3.138385999036492
        ],
        "Best Fitness": 10.113074065942623,
        "Average Fitness": 10.75153371150863,
        "Standard Deviation": 0.015332908355854463,
        "Convergence Generation": 13,
        "Parameters": {
            "Population Size": 100,
            "Dimension": 30,
            "Parameter a": 3,
            "Parameter r": 1,
            "Generations": 100
        },
        "Fitness History": [
            8.99196771689328,
            9.128386492221527,
            8.856280122088526,
            9.16765693569291,
            9.145406874775093,
            9.218557856475874,
            9.499392379304988,
            9.090763331820149,
            9.352844291810168,
            9.435648086914597,
            9.689475114463905,
            9.661231504996726,
            10.113074065942623
        ]
    },
    "Rastrigin": {
        "Best Solution": [
            4.653024904931628,
            -1.7821791549071175,
            1.9025161621525646,
            5.0,
            -2.233710479080499,
            5.0,
            0.24459041246483626,
            1.7752185371814744,
            -0.9743950782007894,
            -0.2228883386852652,
            5.0,
            -3.892800007030126,
            -1.9256771371958403,
            -2.8328835541116755,
            1.2161345380839212,
            -0.7120984993955397,
            0.9883607013079024,
            -2.3931479485845504,
            4.404422881740856,
            -1.6051637246836703,
            -1.9792909425151566,
            1.0620948683205886,
            -1.8721259461766455,
            4.923093868207364,
            4.139830941049628,
            -0.12639133457192747,
            5.0,
            4.552288663021814,
            0.6289805501095972,
            4.051459307481795
        ],
        "Best Fitness": 535.9593772933006,
        "Average Fitness": 573.2553934830479,
        "Standard Deviation": 3.4763282605094865,
        "Convergence Generation": 19,
        "Parameters": {
            "Population Size": 100,
            "Dimension": 30,
            "Parameter a": 3,
            "Parameter r": 1,
            "Generations": 100
        },
        "Fitness History": [
            418.3372937757917,
            426.6682185173134,
            437.3992108199081,
            383.74117267107516,
            428.3093130144134,
            404.4513892440802,
            443.191933202579,
            396.7252904181921,
            372.89730742838333,
            417.56706533364996,
            435.4746341843501,
            456.9516983413674,
            429.7275432302469,
            426.0880263275959,
            449.3210178257937,
            458.23343457323585,
            474.0136112235899,
            503.0988550529312,
            535.9593772933006
        ]
    },
    "Rosenbrock": {
        "Best Solution": [
            1.6454560173159825,
            1.933263725958401,
            5.0,
            5.0,
            2.117086165965181,
            -1.1221766498167076,
            1.7088279521072147,
            -1.1103694940399447,
            4.619060662983401,
            4.242228157483134,
            1.492282297650306,
            0.6220013807657858,
            -2.2880951487592966,
            0.5634816521085139,
            1.4805457367824892,
            4.878969580647827,
            5.0,
            3.9844255059074825,
            4.567077155160846,
            4.727838923856326,
            2.782812298022253,
            1.2340206832924625,
            3.5014016428719517,
            3.397899460984306,
            2.1229487705768575,
            -0.8509480827999548,
            -0.6864058266507964,
            4.491142659593522,
            4.379252079101341,
            3.3705503607115963
        ],
        "Best Fitness": 402835.5781071539,
        "Average Fitness": 490303.99168263533,
        "Standard Deviation": 3368.8230426909113,
        "Convergence Generation": 21,
        "Parameters": {
            "Population Size": 100,
            "Dimension": 30,
            "Parameter a": 3,
            "Parameter r": 1,
            "Generations": 100
        },
        "Fitness History": [
            208402.17884555712,
            210910.19119203358,
            210506.1744598013,
            209431.70885584052,
            208328.13847793773,
            210408.52187262446,
            184883.14222248216,
            188455.06224541992,
            196717.24259453974,
            172437.1710041993,
            153007.6676553061,
            182275.17548901073,
            216637.49131174374,
            226836.97744607885,
            241439.75881148782,
            272675.68542493816,
            308286.58155591437,
            334381.3972361831,
            359235.9895694912,
            428619.13421460404,
            402835.5781071539
        ]
    }
}