{
    "sphere": {
        "Best Fitness": [
            3087.797527714344
        ],
        "Average Fitness": 4731.199981953872,
        "Standard Deviation": 6656.3067678065145,
        "Convergence Generation": 52,
        "Fitness History": [
            66988.312848105,
            20309.372673035083,
            14157.2738304762,
            11972.36392359154,
            6444.562909822911,
            6282.2525037681935,
            6278.771029535795,
            6278.771029535795,
            5795.068937793239,
            5795.068937793239,
            5795.068937793239,
            5610.446023868193,
            5610.446023868193,
            5092.923749841258,
            5092.923749841258,
            5092.923749841258,
            5092.923749841258,
            4812.08977746962,
            4788.807625965726,
            4150.059603571144,
            4150.059603571144,
            4144.208602274998,
            4140.0340903633105,
            4112.935187279441,
            3959.687524207372,
            3942.518426107861,
            3941.3045430077887,
            3866.984214184234,
            3853.153901862141,
            3845.574507191272,
            3845.574507191272,
            3845.574507191272,
            3836.195926592379,
            3834.2361422971617,
            3827.198944697423,
            3827.198944697423,
            3825.7526181494964,
            3825.378120192989,
            3825.2271577240117,
            3824.8257629674154,
            3819.171044628864,
            3819.171044628864,
            3819.171044628864,
            3816.8247245218586,
            3815.01220978697,
            3815.0022185559533,
            3815.0022185559533,
            3814.772802386808,
            3811.2131437683233,
            3810.8135398640534,
            3810.614570574915,
            3224.893456088826,
            3087.797527714344,
            3087.797527714344,
            3087.797527714344,
            3087.797527714344,
            3087.797527714344,
            3087.797527714344,
            3087.797527714344,
            3087.797527714344,
            3087.797527714344,
            3087.797527714344,
            3087.797527714344,
            3087.797527714344,
            3087.797527714344,
            3087.797527714344,
            3087.797527714344,
            3087.797527714344,
            3087.797527714344,
            3087.797527714344,
            3087.797527714344,
            3087.797527714344,
            3087.797527714344,
            3087.797527714344,
            3087.797527714344,
            3087.797527714344,
            3087.797527714344,
            3087.797527714344,
            3087.797527714344,
            3087.797527714344,
            3087.797527714344,
            3087.797527714344,
            3087.797527714344,
            3087.797527714344,
            3087.797527714344,
            3087.797527714344,
            3087.797527714344,
            3087.797527714344,
            3087.797527714344,
            3087.797527714344,
            3087.797527714344,
            3087.797527714344,
            3087.797527714344,
            3087.797527714344,
            3087.797527714344,
            3087.797527714344,
            3087.797527714344,
            3087.797527714344,
            3087.797527714344,
            3087.797527714344
        ]
    },
    "ackley": {
        "Best Fitness": [
            18.649331824607344
        ],
        "Average Fitness": 19.25509608521746,
        "Standard Deviation": 0.6447315432959888,
        "Convergence Generation": 66,
        "Fitness History": [
            21.46646889697219,
            21.32422951396405,
            21.241016967154874,
            21.118943490177756,
            20.4811299699667,
            20.4811299699667,
            20.225727400471502,
            20.225727400471502,
            20.225727400471502,
            19.86982199038428,
            19.86982199038428,
            19.86982199038428,
            19.86982199038428,
            19.86982199038428,
            19.86982199038428,
            19.86982199038428,
            19.86982199038428,
            19.86982199038428,
            19.86982199038428,
            19.86982199038428,
            19.86982199038428,
            19.86982199038428,
            19.86982199038428,
            19.79090291555584,
            19.2938524195682,
            19.2938524195682,
            19.2938524195682,
            19.2938524195682,
            19.2938524195682,
            19.2938524195682,
            19.2938524195682,
            19.2938524195682,
            19.2938524195682,
            19.2938524195682,
            19.2938524195682,
            19.2938524195682,
            19.2938524195682,
            19.2938524195682,
            19.2938524195682,
            19.2938524195682,
            19.2938524195682,
            19.2938524195682,
            19.2938524195682,
            19.2938524195682,
            19.2938524195682,
            19.2938524195682,
            19.2938524195682,
            19.2938524195682,
            19.2938524195682,
            19.2938524195682,
            19.2938524195682,
            19.2938524195682,
            19.2938524195682,
            19.10142943444912,
            19.10142943444912,
            19.10142943444912,
            19.10142943444912,
            19.10142943444912,
            19.10142943444912,
            19.10142943444912,
            19.10142943444912,
            19.10142943444912,
            18.90275723759913,
            18.90275723759913,
            18.781247178034445,
            18.65246796379114,
            18.649331824607344,
            18.649331824607344,
            18.649331824607344,
            18.649331824607344,
            18.649331824607344,
            18.649331824607344,
            18.649331824607344,
            18.649331824607344,
            18.649331824607344,
            18.649331824607344,
            18.649331824607344,
            18.649331824607344,
            18.649331824607344,
            18.649331824607344,
            18.649331824607344,
            18.649331824607344,
            18.649331824607344,
            18.649331824607344,
            18.649331824607344,
            18.649331824607344,
            18.649331824607344,
            18.649331824607344,
            18.649331824607344,
            18.649331824607344,
            18.649331824607344,
            18.649331824607344,
            18.649331824607344,
            18.649331824607344,
            18.649331824607344,
            18.649331824607344,
            18.649331824607344,
            18.649331824607344,
            18.649331824607344,
            18.649331824607344
        ]
    },
    "rastrigin": {
        "Best Fitness": [
            4394.39588288777
        ],
        "Average Fitness": 5716.793303208423,
        "Standard Deviation": 6554.2134889113895,
        "Convergence Generation": 60,