{
    "sphere": {
        "Best Solution": [
            8.15190591247923,
            32.19380148471424,
            5.53793050864162,
            -26.800199850659578,
            9.447834912731645,
            32.33584464092705,
            -27.35370273149964,
            -10.878979551173163,
            41.28436605831132,
            -18.935670887462642,
            6.699746652552396,
            19.255593246482896,
            -19.278167071602414,
            15.499486303238964,
            -13.43480770207892,
            -18.869631092516315,
            48.23749689363925,
            30.210207390851785,
            -16.550605461580492,
            0.0069269874827002295,
            -2.9870177655183294,
            -29.520031173048643,
            3.0621995792768253,
            -13.105671577596322,
            -14.085520005971453,
            -0.006027828608145679,
            0.06019624903990106,
            30.315238033791214,
            13.368365850834586,
            0.010958120170854693
        ],
        "Best Fitness": 13351.379370969104,
        "Average Fitness": 21908.823941553077,
        "Standard Deviation": 12334.476193374228,
        "Convergence Generation": 4,
        "Fitness History": [
            64763.90676124209,
            59161.92030456819,
            58281.71888928334,
            48145.36526756076,
            48145.36526756076,
            45082.42978491754,
            44410.05432260944,
            42660.423835819674,
            42660.423835819674,
            42660.423835819674,
            40794.531567651306,
            40794.531567651306,
            40428.81779679317,
            40011.00031733261,
            38593.88312377544,
            38191.77644396548,
            38182.57872594036,
            38182.57872594036,
            33036.554651533566,
            33036.554651533566,
            29680.965759005398,
            29712.48678249738,
            27965.7662901398,
            27965.7662901398,
            27470.324389067577,
            25460.704905578765,
            25460.704905578765,
            25460.704905578765,
            25264.939419419596,
            23020.971521722364,
            22989.45049823038,
            22989.45049823038,
            22825.206035563195,
            20592.785330643936,
            20592.785330643936,
            20592.785330643936,
            20481.365933200523,
            20481.365933200523,
            20456.761684931163,
            18999.317443528325,
            18999.317443528325,
            18999.317443528325,
            18139.587894401462,
            18139.587894401462,
            16229.156585416,
            16229.156585416,
            16229.156585416,
            14801.29992773626,
            14801.29992773626,
            14801.29992773626,
            13499.905678184297,
            13408.378889350193,
            13355.510258546747,
            13355.510258546747,
            13355.510258546747,
            13355.510258546747,
            13355.510258546747,
            13355.510258546747,
            13355.510258546747,
            13355.510258546747,
            13355.510258546747,
            13352.99662796734,
            13352.99662796734,
            13352.59195213467,
            13352.59195213467,
            13352.59195213467,
            13352.166538309546,
            13352.166538309546,
            13352.166538309546,
            13352.166538309546,
            13351.97044690047,
            13351.829731704813,
            13351.731691927933,
            13351.516877553351,
            13351.516877553351,
            13351.477807991025,
            13351.470882382831,
            13351.460566188518,
            13351.460566188518,
            13351.386261928577,
            13351.386261928577,
            13351.386261928577,
            13351.386261928577,
            13351.386261928577,
            13351.382553619138,
            13351.382553619138,
            13351.382553619138,
            13351.382553619138,
            13351.382553619138,
            13351.379401799832,
            13351.379401799832,
            13351.379401799832,
            13351.379401799832,
            13351.379401799832,
            13351.379401799832,
            13351.379401799832,
            13351.379401799832,
            13351.379401799832,
            13351.379401799832,
            13351.379370969104
        ]
    },
    "ackley": {
        "Best Solution": [
            5.96442708926801,
            20.984714677969585,
            -18.941748195564468,
            -34.08198961438615,
            -44.89937794365484,
            -99.10389872536472,
            -68.94763573581521,
            4.0,
            84.99300388080222,
            -25.98661348324267,
            -14.969276171404356,
            -3.861489569164589,
            -78.9096116606413,
            64.99900076030774,
            -1.0921102352430934,
            4.0,
            31.20158526158605,
            88.90836174422468,
            50.98950544533505,
            -30.01378560908392,
            -13.911498932515975,
            10.981578229744615,
            0.9772517128794123,
            34.911707756306676,
            -18.200300209366162,
            -9.815244340163787,
            91.85898223685646,
            44.96124201540279,
            40.13800242727734,
            -25.973637794918837
        ],
        "Best Fitness": 20.386023707288725,
        "Average Fitness": 20.571358035514994,
        "Standard Deviation": 0.2413338053192222,
        "Convergence Generation": 9,